"71","90","5","I'm so happy with my purchase from Kelly!","2024-09-16 09:46:30"
"88","75","3","I'm not sure if I want to return my purchase from Jenna.","2024-03-14 01:43:46"
"64","33","2","I'm so sad about my purchase from Joshua.","2024-02-03 05:37:41"
"66","88","2","I wish I could return my purchase from Rebecca.","2024-11-03 09:10:52"
"2","43","1","My experience with Allen was a huge disappointment.","2024-07-05 14:23:09"
"28","75","4","I love shopping with Jenna!","2024-02-24 20:56:04"
"76","17","4","I'm so happy with my purchase from Micheal!","2024-03-31 22:12:20"
"80","17","3","I'm not sure if I like my purchase from Micheal.","2024-09-08 18:14:00"
"61","11","2","I'm so upset about my purchase from Haley.","2024-08-15 11:58:04"
"11","40","5","I love shopping with Stephanie!","2024-07-22 01:00:48"
"38","43","4","I'm so excited to buy more from Allen!","2024-09-14 05:12:39"
"76","77","3","I'm so-so about my purchase from Dr..","2024-01-23 19:36:53"
"6","26","4","I'm so excited to buy more from Evelyn!","2024-07-15 15:20:46"
"3","93","4","I'm so happy with my purchase from Michael!","2024-06-03 08:04:32"
"99","82","3","I'm not sure if I want to keep my purchase from Linda.","2024-01-30 12:08:49"
"19","94","2","I'm so sad about my purchase from Kent.","2024-03-09 20:54:03"
"35","88","5","I love shopping with Rebecca!","2024-06-01 19:33:45"
"71","22","4","I'm so excited to buy more from Pamela!","2024-02-25 20:55:28"
"90","93","2","My experience with Michael was a huge disappointment.","2024-09-02 15:30:55"
"98","40","5","I'm so excited to buy more from Stephanie!","2024-09-09 19:25:58"
"74","26","5","I had a great experience with Evelyn!","2024-08-16 11:18:46"
"74","94","1","My experience with Kent was a huge disappointment.","2024-11-17 09:04:12"
"19","17","2","My experience with Micheal was a huge disappointment.","2024-10-16 08:36:02"
"84","56","5","I love shopping with Jennifer!","2024-01-17 08:17:57"
"3","35","4","I'm so excited to buy more from Jasmine!","2024-02-16 01:07:05"
"33","13","3","I'm so-so about my purchase from Todd.","2024-01-31 23:26:20"
"60","64","2","My experience with Kimberly was a huge disappointment.","2024-10-22 18:04:11"
"55","52","3","I'm not sure if I like my purchase from Sean.","2024-09-10 15:41:31"
"60","11","2","I'm so sad about my purchase from Haley.","2024-09-08 04:20:46"
"87","75","1","My experience with Jenna was a huge disappointment.","2024-11-05 00:29:48"
"37","1","4","I'm so excited to buy more from Madison!","2024-09-10 15:02:52"
"19","26","5","I'm so happy with my purchase from Evelyn!","2024-06-10 05:27:51"
"91","11","1","I'm so disappointed with my purchase from Haley.","2024-09-30 01:51:14"
"8","13","5","I'm so happy with my purchase from Todd!","2024-05-20 12:43:27"
"20","28","2","My experience with Francis was a huge disappointment.","2024-02-19 17:37:12"
"76","41","4","I'm so happy with my purchase from Nathan!","2024-08-08 06:48:07"
"95","40","1","I'm so sad about my purchase from Stephanie.","2024-10-22 03:13:20"
"75","53","5","I'm so excited to buy more from Felicia!","2024-06-12 11:03:56"
"21","59","3","I'm not sure if I like my purchase from Meagan.","2024-02-10 02:40:17"
"63","11","3","I'm not sure if I want to return my purchase from Haley.","2024-01-29 17:48:55"
"0","19","2","I wish I could return my purchase from Brian.","2024-06-02 13:39:09"
"34","30","4","I had a great experience with Chad!","2024-04-29 23:24:45"
"67","72","2","I'm so disappointed with my purchase from Laura.","2024-04-26 19:33:15"
"83","13","1","I'm so sad about my purchase from Todd.","2024-06-01 01:53:22"
"70","89","1","I'm so sad about my purchase from Charles.","2024-07-08 02:17:10"
"53","43","4","I had a great experience with Allen!","2024-03-26 08:05:54"
"93","33","4","I love shopping with Joshua!","2024-04-15 20:26:28"
"67","75","5","I had a great experience with Jenna!","2024-02-21 05:38:17"
"36","59","1","I'm so disappointed with my purchase from Meagan.","2024-11-22 07:24:43"
"29","22","4","I had a great experience with Pamela!","2024-04-17 12:44:58"
"84","55","2","I wish I could return my purchase from Donald.","2024-04-26 04:14:35"
"24","75","3","I'm so-so about my purchase from Jenna.","2024-08-16 15:00:32"
"76","40","4","I'm so happy with my purchase from Stephanie!","2024-10-23 15:12:01"
"52","54","5","I'm so excited to buy more from Karen!","2024-06-27 10:35:36"
"10","90","3","I'm not sure if I want to return my purchase from Kelly.","2024-10-08 21:35:28"
"10","25","5","I love shopping with John!","2024-06-25 18:04:50"
"54","56","3","I'm so-so about my purchase from Jennifer.","2024-03-10 18:47:56"
"85","43","3","I'm not sure if I want to return my purchase from Allen.","2024-02-25 05:00:12"
"97","93","4","I love shopping with Michael!","2024-01-29 20:12:00"
"47","83","2","I wish I could return my purchase from Krista.","2024-04-16 07:12:10"
"5","4","1","My experience with Jared was a huge disappointment.","2024-09-23 05:12:24"
"92","90","5","I'm so excited to buy more from Kelly!","2024-03-06 03:55:19"
"16","17","3","I'm not sure how I feel about my purchase from Micheal.","2024-02-19 18:59:16"
"42","68","4","I'm so excited to buy more from Heather!","2024-11-27 23:08:56"
"54","30","2","I'm so upset about my purchase from Chad.","2024-11-30 09:29:02"
"6","72","5","I'm so excited to buy more from Laura!","2024-03-08 02:54:14"
"11","22","5","I'm so excited to buy more from Pamela!","2024-06-09 21:51:27"
"76","93","3","I'm not sure how I feel about my purchase from Michael.","2024-02-06 14:49:27"
"94","5","2","I'm so sad about my purchase from Sharon.","2024-04-13 21:56:12"
"50","40","1","I'm so sad about my purchase from Stephanie.","2024-08-19 02:50:03"
"37","90","3","I'm not sure if I like my purchase from Kelly.","2024-11-27 13:43:54"
"32","52","5","I'm so excited to buy more from Sean!","2024-03-24 12:15:50"
"55","93","2","I'm so disappointed with my purchase from Michael.","2024-09-23 10:42:25"
"34","17","1","I'm so upset about my purchase from Micheal.","2024-01-16 01:54:40"
"73","19","2","I'm so disappointed with my purchase from Brian.","2024-10-06 13:28:47"
"34","41","4","I'm so excited to buy more from Nathan!","2024-04-17 17:19:49"
"80","27","2","My experience with William was a huge disappointment.","2024-04-12 23:34:09"
"88","64","5","I love shopping with Kimberly!","2024-03-01 10:23:13"
"53","72","4","I'm so excited to buy more from Laura!","2024-09-20 00:25:24"
"36","48","3","I'm not sure if I like my purchase from Mark.","2024-11-07 03:48:14"
"14","72","4","I'm so happy with my purchase from Laura!","2024-04-13 21:00:41"
"82","41","5","I'm so excited to buy more from Nathan!","2024-05-08 13:13:52"
"84","35","4","I'm so happy with my purchase from Jasmine!","2024-03-28 20:34:04"
"70","17","4","I had a great experience with Micheal!","2024-04-06 08:09:22"
"80","77","5","I had a great experience with Dr.!","2024-02-20 15:23:21"
"87","16","4","I had a great experience with David!","2024-11-27 19:39:39"
"10","84","3","I'm not sure if I like my purchase from James.","2024-07-15 01:52:07"
"86","96","5","I'm so excited to buy more from David!","2024-10-23 11:55:30"
"63","95","2","I'm so disappointed with my purchase from Jason.","2024-11-16 07:57:14"
"40","26","3","I'm so-so about my purchase from Evelyn.","2024-03-27 23:42:19"
"15","56","3","I'm not sure how I feel about my purchase from Jennifer.","2024-03-27 15:16:28"
"94","80","3","I'm not sure how I feel about my purchase from Jonathan.","2024-06-27 06:25:02"
"23","84","5","I'm so excited to buy more from James!","2024-05-08 16:13:16"
"62","27","5","I had a great experience with William!","2024-08-25 05:51:10"
"34","77","4","I'm so excited to buy more from Dr.!","2024-01-18 22:26:47"
"4","88","3","I'm not sure if I want to keep my purchase from Rebecca.","2024-05-10 08:15:49"
"11","96","4","I'm so excited to buy more from David!","2024-09-02 03:51:39"
"55","80","5","I'm so excited to buy more from Jonathan!","2024-01-28 02:03:44"
"18","52","4","I had a great experience with Sean!","2024-04-24 02:36:09"
"71","64","5","I had a great experience with Kimberly!","2024-07-06 23:59:09"
"26","80","5","I'm so happy with my purchase from Jonathan!","2024-10-18 07:10:01"
"75","89","3","I'm not sure if I want to keep my purchase from Charles.","2024-05-16 07:59:55"
"60","82","2","My experience with Linda was a huge disappointment.","2024-11-13 19:25:05"
"9","52","5","I'm so excited to buy more from Sean!","2024-08-19 13:36:55"
"2","52","5","I had a great experience with Sean!","2024-06-19 19:49:44"
"24","95","3","I'm so-so about my purchase from Jason.","2024-08-26 19:20:02"
"81","26","1","My experience with Evelyn was a huge disappointment.","2024-01-12 05:47:00"
"52","64","3","I'm not sure if I like my purchase from Kimberly.","2024-04-14 06:51:03"
"88","72","4","I'm so happy with my purchase from Laura!","2024-07-23 13:21:26"
"70","5","2","I'm so upset about my purchase from Sharon.","2024-07-02 11:12:20"
"45","1","2","I'm so disappointed with my purchase from Madison.","2024-04-03 20:52:27"
"59","26","4","I'm so happy with my purchase from Evelyn!","2024-09-01 08:16:25"
"72","30","5","I had a great experience with Chad!","2024-04-08 18:03:56"
"91","53","4","I'm so excited to buy more from Felicia!","2024-05-31 01:40:17"
"61","26","2","My experience with Evelyn was a huge disappointment.","2024-09-30 03:00:30"
"28","95","5","I'm so happy with my purchase from Jason!","2024-09-27 08:03:32"
"36","43","1","I wish I could return my purchase from Allen.","2024-06-13 18:47:46"
"99","13","2","I'm so sad about my purchase from Todd.","2024-04-08 19:18:19"
"37","17","1","I wish I could return my purchase from Micheal.","2024-04-22 19:21:29"
"7","40","4","I had a great experience with Stephanie!","2024-06-07 20:51:40"
"74","90","3","I'm not sure if I want to keep my purchase from Kelly.","2024-02-09 01:47:07"
"49","54","5","I love shopping with Karen!","2024-05-27 07:52:50"
"8","41","5","I love shopping with Nathan!","2024-05-04 14:41:53"
"82","27","5","I'm so happy with my purchase from William!","2024-05-10 00:08:10"
"54","89","5","I love shopping with Charles!","2024-06-29 09:04:57"
"25","1","3","I'm so-so about my purchase from Madison.","2024-06-29 12:48:18"
"66","80","2","I'm so upset about my purchase from Jonathan.","2024-03-12 00:35:15"
"69","33","5","I'm so excited to buy more from Joshua!","2024-01-04 07:21:37"
"39","41","5","I'm so happy with my purchase from Nathan!","2024-11-05 08:36:01"
"75","72","4","I had a great experience with Laura!","2024-06-03 05:15:58"
"15","25","3","I'm so-so about my purchase from John.","2024-04-26 12:05:47"
"41","16","1","I'm so sad about my purchase from David.","2024-02-08 16:46:42"
"21","74","2","I'm so sad about my purchase from Savannah.","2024-08-14 08:44:10"
"45","35","3","I'm not sure if I want to keep my purchase from Jasmine.","2024-04-11 08:47:35"
"99","5","3","I'm so-so about my purchase from Sharon.","2024-08-02 19:53:54"
"0","49","1","My experience with Brian was a huge disappointment.","2024-10-13 18:29:05"
"11","75","3","I'm not sure if I like my purchase from Jenna.","2024-01-08 09:36:54"
"26","82","1","My experience with Linda was a huge disappointment.","2024-07-24 23:14:51"
"87","84","3","I'm so-so about my purchase from James.","2024-11-10 19:14:23"
"48","25","4","I'm so happy with my purchase from John!","2024-03-16 14:52:24"
"18","95","4","I had a great experience with Jason!","2024-03-12 04:58:19"
"29","72","2","I'm so sad about my purchase from Laura.","2024-05-22 16:52:39"
"96","4","5","I'm so excited to buy more from Jared!","2024-01-30 00:14:24"
"84","17","3","I'm so-so about my purchase from Micheal.","2024-02-17 05:25:51"
"80","8","2","I'm so upset about my purchase from Cindy.","2024-11-02 01:39:41"
"60","96","4","I'm so excited to buy more from David!","2024-01-10 11:44:08"
"11","14","4","I love shopping with Melissa!","2024-06-29 12:46:41"
"98","1","4","I'm so excited to buy more from Madison!","2024-05-22 09:44:38"
"88","8","1","My experience with Cindy was a huge disappointment.","2024-09-28 21:30:43"
"64","16","3","I'm not sure if I want to return my purchase from David.","2024-11-09 00:15:58"
"73","55","1","I'm so upset about my purchase from Donald.","2024-10-30 16:52:10"
"23","59","4","I love shopping with Meagan!","2024-03-19 11:01:10"
"14","40","5","I'm so happy with my purchase from Stephanie!","2024-04-24 12:02:06"
"86","83","3","I'm not sure if I want to return my purchase from Krista.","2024-06-23 16:23:18"
"36","26","4","I'm so happy with my purchase from Evelyn!","2024-09-29 20:24:21"
"99","19","1","I'm so sad about my purchase from Brian.","2024-07-09 01:12:28"
"86","27","1","I'm so sad about my purchase from William.","2024-04-20 16:47:04"
"43","55","5","I'm so excited to buy more from Donald!","2024-02-25 01:24:01"
"40","94","4","I'm so happy with my purchase from Kent!","2024-04-28 21:09:59"
"75","96","2","I'm so sad about my purchase from David.","2024-04-29 20:11:55"
"71","13","2","I'm so sad about my purchase from Todd.","2024-01-22 11:51:42"
"66","56","1","I'm so upset about my purchase from Jennifer.","2024-06-10 22:04:47"
"77","6","4","I had a great experience with Amanda!","2024-12-02 18:31:31"
"68","22","2","I wish I could return my purchase from Pamela.","2024-09-15 02:33:51"
"31","52","4","I love shopping with Sean!","2024-10-17 16:02:13"
"71","77","5","I love shopping with Dr.!","2024-02-22 05:28:18"
"97","89","1","My experience with Charles was a huge disappointment.","2024-09-28 08:24:15"
"4","8","5","I love shopping with Cindy!","2024-09-14 09:11:15"
"24","93","4","I love shopping with Michael!","2024-08-07 03:00:09"
"1","89","1","I'm so upset about my purchase from Charles.","2024-05-06 13:03:05"
"7","28","1","I'm so sad about my purchase from Francis.","2024-08-30 23:07:14"
"17","48","3","I'm not sure if I want to keep my purchase from Mark.","2024-08-01 02:32:42"
"39","75","2","I'm so sad about my purchase from Jenna.","2024-01-23 15:00:29"
"22","64","5","I'm so happy with my purchase from Kimberly!","2024-10-27 13:41:48"
"69","14","5","I'm so happy with my purchase from Melissa!","2024-05-19 12:40:02"
"94","56","3","I'm not sure if I like my purchase from Jennifer.","2024-09-10 03:57:00"
"11","5","1","My experience with Sharon was a huge disappointment.","2024-11-23 10:51:08"
"81","94","5","I had a great experience with Kent!","2024-04-02 01:47:59"
"27","83","2","I'm so sad about my purchase from Krista.","2024-08-14 09:59:50"
"89","28","1","I'm so upset about my purchase from Francis.","2024-05-04 06:09:31"
"32","1","1","My experience with Madison was a huge disappointment.","2024-04-19 11:10:01"
"53","16","1","I'm so upset about my purchase from David.","2024-04-16 22:23:03"
"5","64","3","I'm not sure if I want to return my purchase from Kimberly.","2024-02-05 14:04:08"
"84","13","5","I'm so happy with my purchase from Todd!","2024-01-16 06:20:11"
"2","25","5","I'm so excited to buy more from John!","2024-11-23 14:05:25"
"90","89","1","My experience with Charles was a huge disappointment.","2024-06-09 02:31:44"
"80","4","4","I had a great experience with Jared!","2024-07-20 10:21:51"
"57","80","2","I'm so upset about my purchase from Jonathan.","2024-02-23 18:29:07"
"28","8","4","I'm so happy with my purchase from Cindy!","2024-03-25 01:45:45"
"91","29","3","I'm not sure if I like my purchase from Michelle.","2024-10-13 07:05:27"
"87","41","5","I'm so happy with my purchase from Nathan!","2024-03-20 06:48:14"
"5","52","4","I'm so happy with my purchase from Sean!","2024-11-27 03:28:14"
"13","8","4","I'm so happy with my purchase from Cindy!","2024-11-26 02:55:59"
"74","43","5","I'm so excited to buy more from Allen!","2024-10-09 03:12:21"
"91","94","4","I'm so excited to buy more from Kent!","2024-09-04 10:26:32"
"68","49","1","I wish I could return my purchase from Brian.","2024-08-09 18:57:43"
"44","4","4","I'm so excited to buy more from Jared!","2024-05-31 10:57:42"
"60","77","5","I'm so happy with my purchase from Dr.!","2024-08-22 00:20:28"
"1","77","5","I'm so excited to buy more from Dr.!","2024-06-02 11:22:18"
"62","75","1","My experience with Jenna was a huge disappointment.","2024-03-16 22:49:27"
"2","6","3","I'm not sure if I want to return my purchase from Amanda.","2024-02-07 20:45:06"
"74","77","3","I'm not sure how I feel about my purchase from Dr..","2024-02-24 16:24:04"
"5","80","2","I wish I could return my purchase from Jonathan.","2024-09-02 06:12:10"
"99","94","2","I'm so upset about my purchase from Kent.","2024-04-08 09:46:42"
"56","82","3","I'm not sure if I like my purchase from Linda.","2024-07-20 12:57:40"
"61","6","5","I had a great experience with Amanda!","2024-02-24 15:55:33"
"24","56","5","I'm so excited to buy more from Jennifer!","2024-07-12 15:22:54"
"43","30","5","I'm so happy with my purchase from Chad!","2024-01-11 14:42:50"
"32","49","5","I love shopping with Brian!","2024-03-29 00:57:54"
"14","93","4","I had a great experience with Michael!","2024-10-05 02:26:35"
"76","82","2","I'm so sad about my purchase from Linda.","2024-09-17 04:23:01"
"65","96","2","I wish I could return my purchase from David.","2024-09-18 15:06:03"
"79","25","2","My experience with John was a huge disappointment.","2024-11-14 13:34:08"
"79","83","3","I'm not sure if I want to keep my purchase from Krista.","2024-06-17 18:37:18"
"38","74","4","I'm so excited to buy more from Savannah!","2024-03-01 11:47:57"
"3","41","3","I'm not sure if I want to return my purchase from Nathan.","2024-09-16 17:00:40"
"41","93","5","I had a great experience with Michael!","2024-11-12 03:03:32"
"1","5","4","I love shopping with Sharon!","2024-10-11 11:33:40"
"7","8","1","I'm so disappointed with my purchase from Cindy.","2024-05-11 15:40:16"
"74","49","5","I love shopping with Brian!","2024-12-03 20:17:50"
"57","26","2","I'm so disappointed with my purchase from Evelyn.","2024-02-19 05:43:02"
"14","27","1","I'm so upset about my purchase from William.","2024-11-15 16:51:51"
"10","6","4","I had a great experience with Amanda!","2024-10-25 00:59:14"
"67","33","1","I'm so disappointed with my purchase from Joshua.","2024-02-07 16:47:01"
"50","26","3","I'm not sure how I feel about my purchase from Evelyn.","2024-08-08 10:43:27"
"15","52","4","I'm so excited to buy more from Sean!","2024-06-20 22:20:40"
"56","84","2","My experience with James was a huge disappointment.","2024-08-10 15:05:08"
"76","53","2","I'm so sad about my purchase from Felicia.","2024-03-09 19:03:13"
"22","95","4","I'm so happy with my purchase from Jason!","2024-10-02 08:52:04"
"81","35","1","I'm so sad about my purchase from Jasmine.","2024-09-26 00:19:46"
"92","56","4","I'm so happy with my purchase from Jennifer!","2024-04-13 03:32:49"
"56","33","2","I'm so sad about my purchase from Joshua.","2024-05-13 21:29:17"
"73","35","1","I'm so sad about my purchase from Jasmine.","2024-11-19 04:24:17"
"75","54","1","I'm so sad about my purchase from Karen.","2024-09-14 06:19:40"
"64","88","1","I wish I could return my purchase from Rebecca.","2024-03-22 20:33:13"
"78","5","2","My experience with Sharon was a huge disappointment.","2024-10-20 06:01:40"
"18","53","1","My experience with Felicia was a huge disappointment.","2024-09-04 13:51:34"
"83","26","1","I'm so upset about my purchase from Evelyn.","2024-08-28 04:14:38"
"22","52","1","My experience with Sean was a huge disappointment.","2024-09-05 16:50:42"
"63","52","2","I'm so upset about my purchase from Sean.","2024-04-09 00:11:13"
"26","90","1","My experience with Kelly was a huge disappointment.","2024-04-21 01:19:36"
"35","3","1","I'm so disappointed with my purchase from Lauren.","2024-06-15 07:06:21"
"86","93","2","I'm so disappointed with my purchase from Michael.","2024-10-05 04:01:07"
"30","82","5","I love shopping with Linda!","2024-06-21 01:06:16"
"46","82","2","My experience with Linda was a huge disappointment.","2024-08-13 14:40:30"
"41","6","2","My experience with Amanda was a huge disappointment.","2024-04-26 14:47:04"
"81","13","3","I'm not sure how I feel about my purchase from Todd.","2024-03-03 19:16:09"
"75","59","3","I'm not sure if I want to return my purchase from Meagan.","2024-06-06 16:11:36"
"96","54","5","I love shopping with Karen!","2024-05-11 03:57:08"
"88","48","2","I'm so disappointed with my purchase from Mark.","2024-10-24 10:20:10"
"72","55","2","I wish I could return my purchase from Donald.","2024-11-26 02:24:29"
"74","4","5","I had a great experience with Jared!","2024-10-31 15:20:17"
"46","75","1","My experience with Jenna was a huge disappointment.","2024-11-24 21:08:21"
"30","35","4","I had a great experience with Jasmine!","2024-06-11 22:33:02"
"72","53","2","My experience with Felicia was a huge disappointment.","2024-03-15 15:56:40"
"17","80","2","I'm so upset about my purchase from Jonathan.","2024-09-23 18:15:56"
"65","82","2","I wish I could return my purchase from Linda.","2024-09-28 21:23:16"
"70","68","4","I had a great experience with Heather!","2024-03-15 12:25:38"
"5","59","5","I'm so excited to buy more from Meagan!","2024-06-25 22:48:54"
"67","80","5","I'm so happy with my purchase from Jonathan!","2024-05-05 18:53:19"
"77","64","4","I had a great experience with Kimberly!","2024-01-19 17:55:42"
"11","49","5","I'm so excited to buy more from Brian!","2024-04-17 20:11:17"
"78","48","3","I'm not sure if I want to return my purchase from Mark.","2024-10-15 00:08:47"
"96","25","5","I'm so excited to buy more from John!","2024-10-26 10:52:12"
"37","48","1","I'm so sad about my purchase from Mark.","2024-02-11 12:34:25"
"90","82","4","I love shopping with Linda!","2024-08-13 04:02:08"
"85","68","4","I love shopping with Heather!","2024-03-05 21:38:50"
"50","54","1","I'm so disappointed with my purchase from Karen.","2024-03-23 18:35:19"
"44","64","2","I'm so disappointed with my purchase from Kimberly.","2024-11-17 02:44:56"
"34","55","2","My experience with Donald was a huge disappointment.","2024-09-03 08:46:09"
"44","30","3","I'm not sure if I want to keep my purchase from Chad.","2024-05-06 17:33:54"
"2","94","3","I'm not sure if I like my purchase from Kent.","2024-03-26 16:41:08"
"89","41","1","I'm so upset about my purchase from Nathan.","2024-10-02 21:15:56"
"22","93","4","I'm so excited to buy more from Michael!","2024-07-04 17:37:59"
"89","13","2","I'm so disappointed with my purchase from Todd.","2024-08-13 12:57:51"
"37","77","2","I'm so disappointed with my purchase from Dr..","2024-01-04 11:22:47"
"37","41","3","I'm not sure if I like my purchase from Nathan.","2024-08-16 06:35:00"
"76","89","2","I'm so disappointed with my purchase from Charles.","2024-10-04 12:06:03"
"64","53","1","I'm so disappointed with my purchase from Felicia.","2024-05-13 19:39:58"
"35","5","1","I'm so disappointed with my purchase from Sharon.","2024-11-26 03:54:26"
"82","19","5","I'm so excited to buy more from Brian!","2024-04-29 14:11:46"
"70","13","2","I'm so upset about my purchase from Todd.","2024-11-27 09:05:04"
"1","88","3","I'm not sure how I feel about my purchase from Rebecca.","2024-05-06 11:01:04"
"83","53","1","My experience with Felicia was a huge disappointment.","2024-08-04 20:00:13"
"36","11","4","I'm so excited to buy more from Haley!","2024-07-09 00:04:21"
"51","49","3","I'm not sure if I want to return my purchase from Brian.","2024-01-28 08:53:17"
"89","94","2","My experience with Kent was a huge disappointment.","2024-11-04 07:23:50"
"57","59","5","I'm so excited to buy more from Meagan!","2024-04-06 09:07:37"
"65","68","3","I'm not sure if I want to return my purchase from Heather.","2024-05-16 16:51:39"
"59","84","4","I love shopping with James!","2024-02-18 17:38:33"
"54","53","4","I love shopping with Felicia!","2024-03-06 14:58:10"
"74","27","3","I'm not sure if I want to return my purchase from William.","2024-06-13 17:37:24"
"41","53","1","I'm so sad about my purchase from Felicia.","2024-07-04 13:26:43"
"86","74","4","I'm so excited to buy more from Savannah!","2024-08-24 08:53:27"
"21","40","2","My experience with Stephanie was a huge disappointment.","2024-10-16 23:00:24"
"6","8","5","I'm so happy with my purchase from Cindy!","2024-09-29 23:25:19"
"37","52","3","I'm not sure if I like my purchase from Sean.","2024-08-08 11:46:49"
"72","17","5","I love shopping with Micheal!","2024-10-23 06:44:31"
"55","26","1","I'm so upset about my purchase from Evelyn.","2024-11-23 02:17:25"
"93","96","1","I'm so upset about my purchase from David.","2024-11-05 21:17:28"
"38","55","2","I'm so disappointed with my purchase from Donald.","2024-06-19 00:26:33"
"76","1","5","I love shopping with Madison!","2024-09-03 07:41:58"
"67","38","3","I'm not sure if I want to keep my purchase from Timothy.","2024-07-08 13:49:47"
"92","27","2","I'm so upset about my purchase from William.","2024-09-09 15:48:44"
"37","96","5","I had a great experience with David!","2024-11-17 21:12:40"
"80","3","5","I had a great experience with Lauren!","2024-11-27 18:12:06"
"35","90","2","My experience with Kelly was a huge disappointment.","2024-08-23 17:57:12"
"67","68","2","I'm so upset about my purchase from Heather.","2024-08-26 13:37:58"
"98","77","2","I wish I could return my purchase from Dr..","2024-09-23 06:53:22"
"58","64","3","I'm not sure if I want to return my purchase from Kimberly.","2024-04-11 02:51:01"
"9","89","3","I'm not sure if I like my purchase from Charles.","2024-05-25 13:47:45"
"29","96","5","I'm so excited to buy more from David!","2024-08-30 11:21:01"
"73","74","1","I wish I could return my purchase from Savannah.","2024-01-03 17:30:38"
"4","6","1","My experience with Amanda was a huge disappointment.","2024-09-11 12:55:52"
"15","3","1","I wish I could return my purchase from Lauren.","2024-11-07 19:03:18"
"34","38","2","I'm so disappointed with my purchase from Timothy.","2024-03-30 16:43:09"
"34","89","5","I'm so excited to buy more from Charles!","2024-02-15 21:15:29"
"4","54","4","I'm so happy with my purchase from Karen!","2024-08-23 03:45:52"
"99","11","1","I wish I could return my purchase from Haley.","2024-04-05 12:47:21"
"38","22","4","I had a great experience with Pamela!","2024-09-24 20:07:07"
"94","29","4","I had a great experience with Michelle!","2024-01-24 02:34:48"
"48","74","1","I'm so disappointed with my purchase from Savannah.","2024-09-03 11:25:11"
"96","27","4","I had a great experience with William!","2024-02-20 12:46:47"
"70","8","1","I wish I could return my purchase from Cindy.","2024-08-27 17:38:14"
"68","17","5","I had a great experience with Micheal!","2024-07-01 05:35:56"
"43","54","1","I wish I could return my purchase from Karen.","2024-02-23 20:56:27"
"49","17","2","I wish I could return my purchase from Micheal.","2024-05-12 10:36:18"
"33","72","2","My experience with Laura was a huge disappointment.","2024-08-26 07:51:07"
"26","30","4","I'm so excited to buy more from Chad!","2024-08-23 14:30:50"
"19","72","2","My experience with Laura was a huge disappointment.","2024-02-02 17:14:21"
"82","95","2","My experience with Jason was a huge disappointment.","2024-04-12 00:57:18"
"82","29","3","I'm not sure if I want to return my purchase from Michelle.","2024-08-07 00:58:36"
"60","6","5","I had a great experience with Amanda!","2024-05-14 19:49:37"
"20","29","5","I'm so excited to buy more from Michelle!","2024-10-02 11:37:19"
"95","8","1","My experience with Cindy was a huge disappointment.","2024-03-03 11:04:37"
"6","83","2","I'm so sad about my purchase from Krista.","2024-11-23 04:03:37"
"72","84","2","I wish I could return my purchase from James.","2024-08-18 06:56:24"
"3","27","2","I wish I could return my purchase from William.","2024-04-18 10:48:21"
"6","54","1","I wish I could return my purchase from Karen.","2024-06-03 20:36:35"
"74","84","4","I'm so excited to buy more from James!","2024-03-28 05:28:42"
"72","88","1","I wish I could return my purchase from Rebecca.","2024-09-16 19:33:15"
"1","30","4","I had a great experience with Chad!","2024-05-21 17:04:33"
"95","41","1","I wish I could return my purchase from Nathan.","2024-09-22 20:06:03"
"3","25","5","I'm so excited to buy more from John!","2024-09-22 21:21:09"
"11","80","5","I had a great experience with Jonathan!","2024-11-25 20:14:55"
"89","26","4","I'm so happy with my purchase from Evelyn!","2024-06-03 01:25:51"
"33","17","4","I love shopping with Micheal!","2024-04-12 03:16:08"
"30","13","1","My experience with Todd was a huge disappointment.","2024-05-09 03:36:11"
"47","19","2","I'm so upset about my purchase from Brian.","2024-04-02 02:31:27"
"4","33","4","I had a great experience with Joshua!","2024-05-18 12:23:53"
"56","74","3","I'm not sure if I like my purchase from Savannah.","2024-11-20 06:41:35"
"29","80","1","I'm so upset about my purchase from Jonathan.","2024-04-28 12:43:22"
"18","55","3","I'm not sure how I feel about my purchase from Donald.","2024-11-30 05:15:02"
"82","77","4","I'm so happy with my purchase from Dr.!","2024-10-22 15:17:30"
"9","35","2","My experience with Jasmine was a huge disappointment.","2024-02-12 09:58:27"
"6","17","1","I'm so sad about my purchase from Micheal.","2024-02-05 02:34:47"
"75","35","2","I'm so upset about my purchase from Jasmine.","2024-07-11 06:30:17"
"12","17","2","I wish I could return my purchase from Micheal.","2024-01-10 07:03:02"
"40","29","5","I love shopping with Michelle!","2024-08-12 01:31:01"
"22","11","4","I love shopping with Haley!","2024-03-12 21:45:13"
"82","49","2","I'm so sad about my purchase from Brian.","2024-06-04 16:00:53"
"84","54","5","I'm so excited to buy more from Karen!","2024-07-14 01:06:22"
"0","28","2","I'm so disappointed with my purchase from Francis.","2024-08-30 06:05:04"
"26","13","2","My experience with Todd was a huge disappointment.","2024-09-14 17:07:08"
"42","64","5","I'm so happy with my purchase from Kimberly!","2024-04-26 10:08:47"
"62","74","5","I had a great experience with Savannah!","2024-09-19 03:54:03"
"34","74","1","I'm so disappointed with my purchase from Savannah.","2024-04-13 09:56:17"
"48","59","2","I wish I could return my purchase from Meagan.","2024-02-02 15:04:57"
"66","38","1","I'm so upset about my purchase from Timothy.","2024-09-29 13:07:45"
"39","64","4","I'm so excited to buy more from Kimberly!","2024-05-24 19:19:30"
"72","64","1","I'm so sad about my purchase from Kimberly.","2024-07-27 21:20:18"
"1","6","4","I love shopping with Amanda!","2024-07-30 12:39:18"
"81","49","3","I'm not sure if I want to keep my purchase from Brian.","2024-06-01 09:30:49"
"6","74","2","My experience with Savannah was a huge disappointment.","2024-10-05 04:43:49"
"7","83","2","I wish I could return my purchase from Krista.","2024-10-03 06:41:48"
"49","4","2","I wish I could return my purchase from Jared.","2024-06-08 01:40:16"
"2","35","4","I love shopping with Jasmine!","2024-08-27 06:38:56"
"99","68","1","My experience with Heather was a huge disappointment.","2024-02-28 21:13:45"
"74","52","2","I'm so disappointed with my purchase from Sean.","2024-01-23 01:40:03"
"6","96","2","I'm so disappointed with my purchase from David.","2024-01-14 11:52:58"
"12","5","2","I'm so upset about my purchase from Sharon.","2024-05-01 21:43:19"
"28","38","5","I'm so happy with my purchase from Timothy!","2024-07-15 13:15:03"
"76","52","2","I'm so sad about my purchase from Sean.","2024-10-29 20:10:57"
"80","94","3","I'm so-so about my purchase from Kent.","2024-03-27 11:05:02"
"26","27","4","I had a great experience with William!","2024-09-14 18:09:16"
"76","8","2","My experience with Cindy was a huge disappointment.","2024-07-26 08:01:49"
"45","29","2","I'm so upset about my purchase from Michelle.","2024-02-20 08:01:30"
"63","29","1","I wish I could return my purchase from Michelle.","2024-07-05 03:53:08"
"56","40","3","I'm not sure if I want to return my purchase from Stephanie.","2024-06-28 06:10:16"
"37","5","3","I'm so-so about my purchase from Sharon.","2024-11-03 07:20:42"
"90","88","1","I'm so upset about my purchase from Rebecca.","2024-02-22 23:59:27"
"26","19","4","I had a great experience with Brian!","2024-10-19 20:42:23"
"0","96","4","I had a great experience with David!","2024-07-31 00:41:44"
"47","96","1","I'm so sad about my purchase from David.","2024-03-04 21:39:43"
"59","29","4","I'm so excited to buy more from Michelle!","2024-03-15 16:01:12"
"46","96","4","I had a great experience with David!","2024-11-11 07:55:36"
"65","6","5","I'm so excited to buy more from Amanda!","2024-08-14 10:38:11"
"95","33","2","I wish I could return my purchase from Joshua.","2024-02-16 22:13:21"
"92","22","2","I'm so upset about my purchase from Pamela.","2024-02-02 13:35:47"
"33","88","3","I'm not sure how I feel about my purchase from Rebecca.","2024-06-23 00:12:44"
"53","83","3","I'm not sure if I like my purchase from Krista.","2024-01-15 20:35:53"
"63","90","4","I'm so excited to buy more from Kelly!","2024-09-27 03:14:00"
"98","94","4","I had a great experience with Kent!","2024-04-13 08:58:56"
"97","95","4","I'm so excited to buy more from Jason!","2024-06-09 19:10:35"
"86","5","1","My experience with Sharon was a huge disappointment.","2024-11-29 16:02:25"
"95","30","2","I wish I could return my purchase from Chad.","2024-05-05 12:53:15"
"62","1","5","I'm so excited to buy more from Madison!","2024-12-01 05:31:45"
"79","54","1","I'm so upset about my purchase from Karen.","2024-05-11 16:51:27"
"64","82","3","I'm not sure if I want to return my purchase from Linda.","2024-05-03 08:01:55"
"8","74","4","I'm so excited to buy more from Savannah!","2024-10-08 22:12:19"
"44","33","5","I'm so excited to buy more from Joshua!","2024-10-05 16:20:18"
"58","8","2","I'm so upset about my purchase from Cindy.","2024-11-13 16:09:37"
"46","49","2","I wish I could return my purchase from Brian.","2024-05-15 11:22:27"
"7","11","3","I'm not sure if I like my purchase from Haley.","2024-07-18 23:30:10"
"57","52","3","I'm so-so about my purchase from Sean.","2024-06-30 11:03:47"
"60","84","3","I'm not sure if I want to keep my purchase from James.","2024-01-09 10:40:44"
"19","74","5","I'm so happy with my purchase from Savannah!","2024-07-08 02:11:14"
"59","54","3","I'm not sure if I want to keep my purchase from Karen.","2024-02-02 12:42:30"
"45","53","4","I love shopping with Felicia!","2024-03-20 08:22:33"
"49","28","3","I'm not sure if I want to return my purchase from Francis.","2024-04-28 21:52:48"
"34","27","2","My experience with William was a huge disappointment.","2024-08-04 09:22:19"
"61","64","2","I'm so upset about my purchase from Kimberly.","2024-10-02 04:06:22"
"13","56","3","I'm not sure how I feel about my purchase from Jennifer.","2024-09-16 04:11:18"
"46","84","1","I wish I could return my purchase from James.","2024-09-28 17:50:28"
"35","30","4","I'm so excited to buy more from Chad!","2024-05-05 19:17:21"
"99","29","1","I'm so sad about my purchase from Michelle.","2024-04-26 10:34:48"
"10","49","5","I had a great experience with Brian!","2024-03-14 15:58:09"
"64","89","2","I'm so upset about my purchase from Charles.","2024-06-25 12:19:08"
"55","29","1","My experience with Michelle was a huge disappointment.","2024-05-15 17:28:06"
"21","89","4","I love shopping with Charles!","2024-11-10 05:16:08"
"15","53","4","I love shopping with Felicia!","2024-04-07 00:28:16"
"28","14","5","I'm so excited to buy more from Melissa!","2024-09-07 00:26:08"
"98","83","3","I'm so-so about my purchase from Krista.","2024-06-26 09:09:14"
"5","96","2","I'm so disappointed with my purchase from David.","2024-07-23 10:59:37"
"69","84","3","I'm not sure if I like my purchase from James.","2024-08-24 14:11:38"
"16","53","3","I'm so-so about my purchase from Felicia.","2024-06-28 14:41:16"
"88","59","1","I'm so upset about my purchase from Meagan.","2024-10-21 12:43:50"
"43","72","2","My experience with Laura was a huge disappointment.","2024-05-22 22:10:36"
"3","22","4","I love shopping with Pamela!","2024-04-20 17:10:47"
"52","89","2","I'm so sad about my purchase from Charles.","2024-11-22 05:45:07"
"43","17","3","I'm not sure if I want to keep my purchase from Micheal.","2024-12-03 14:22:48"
"41","94","5","I had a great experience with Kent!","2024-01-22 16:11:32"
"64","49","4","I had a great experience with Brian!","2024-10-16 04:44:10"
"47","95","5","I love shopping with Jason!","2024-11-09 16:07:06"
"73","59","1","I wish I could return my purchase from Meagan.","2024-01-08 19:22:13"
"39","84","5","I'm so happy with my purchase from James!","2024-01-15 11:44:39"
"86","49","1","I wish I could return my purchase from Brian.","2024-08-31 14:59:01"
"88","56","4","I had a great experience with Jennifer!","2024-08-26 16:20:51"
"72","1","2","I'm so upset about my purchase from Madison.","2024-01-22 19:56:50"
"61","54","2","I'm so disappointed with my purchase from Karen.","2024-09-20 18:34:10"
"0","1","3","I'm so-so about my purchase from Madison.","2024-09-17 19:44:24"
"71","17","3","I'm not sure if I like my purchase from Micheal.","2024-05-26 09:14:04"
"16","88","4","I'm so excited to buy more from Rebecca!","2024-07-09 01:35:01"
"66","64","2","I'm so disappointed with my purchase from Kimberly.","2024-07-28 18:30:19"
"38","75","5","I had a great experience with Jenna!","2024-02-10 07:12:08"
"9","96","5","I had a great experience with David!","2024-08-23 05:14:48"
"26","35","3","I'm not sure if I want to keep my purchase from Jasmine.","2024-10-23 23:39:10"
"94","72","2","I'm so upset about my purchase from Laura.","2024-01-05 19:14:41"
"0","40","5","I'm so happy with my purchase from Stephanie!","2024-09-16 12:56:20"
"9","27","5","I had a great experience with William!","2024-02-17 21:40:59"
"77","55","2","I wish I could return my purchase from Donald.","2024-03-01 20:48:48"
"85","19","4","I'm so excited to buy more from Brian!","2024-02-21 03:08:48"
"87","89","4","I love shopping with Charles!","2024-11-27 09:40:40"
"75","95","1","My experience with Jason was a huge disappointment.","2024-01-01 17:30:43"
"31","8","2","I'm so upset about my purchase from Cindy.","2024-06-17 22:27:44"
"81","82","4","I had a great experience with Linda!","2024-05-02 09:05:33"
"12","4","1","I'm so disappointed with my purchase from Jared.","2024-03-25 19:14:40"
"12","19","3","I'm not sure if I want to keep my purchase from Brian.","2024-09-03 11:53:57"
"29","16","2","I'm so sad about my purchase from David.","2024-04-26 07:03:16"
"69","8","5","I'm so happy with my purchase from Cindy!","2024-03-09 18:57:04"
"39","4","1","I wish I could return my purchase from Jared.","2024-02-08 00:04:46"
"31","30","4","I had a great experience with Chad!","2024-05-14 03:07:58"
"15","29","5","I had a great experience with Michelle!","2024-01-25 03:53:53"
"59","25","3","I'm not sure how I feel about my purchase from John.","2024-03-04 16:57:56"
"28","33","1","I'm so sad about my purchase from Joshua.","2024-10-08 23:32:18"
"56","64","3","I'm not sure if I want to keep my purchase from Kimberly.","2024-07-15 15:05:22"
"29","35","3","I'm not sure how I feel about my purchase from Jasmine.","2024-03-27 12:37:29"
"93","95","5","I'm so happy with my purchase from Jason!","2024-10-31 08:24:43"
"95","74","5","I'm so excited to buy more from Savannah!","2024-08-15 13:17:14"
"28","80","3","I'm so-so about my purchase from Jonathan.","2024-02-09 13:46:56"
"7","56","3","I'm not sure if I want to return my purchase from Jennifer.","2024-04-19 17:27:01"
"49","26","1","I'm so upset about my purchase from Evelyn.","2024-03-14 10:36:24"
"29","74","4","I'm so happy with my purchase from Savannah!","2024-01-12 03:57:18"
"51","33","5","I love shopping with Joshua!","2024-03-24 03:15:43"
"43","80","3","I'm not sure if I want to return my purchase from Jonathan.","2024-11-22 19:07:30"
"18","96","4","I had a great experience with David!","2024-08-14 10:37:07"
"71","8","3","I'm not sure if I want to return my purchase from Cindy.","2024-01-13 22:19:15"
"36","64","1","I'm so disappointed with my purchase from Kimberly.","2024-11-14 00:52:10"
"10","40","1","I'm so sad about my purchase from Stephanie.","2024-06-16 09:00:58"
"84","89","5","I love shopping with Charles!","2024-01-21 10:19:37"
"75","8","4","I'm so happy with my purchase from Cindy!","2024-08-15 05:39:26"
"81","56","2","I'm so sad about my purchase from Jennifer.","2024-12-01 04:15:35"
"42","95","2","I'm so disappointed with my purchase from Jason.","2024-01-13 11:25:10"
"74","48","1","My experience with Mark was a huge disappointment.","2024-02-19 13:36:07"
"0","17","5","I had a great experience with Micheal!","2024-06-10 15:01:26"
"97","56","5","I love shopping with Jennifer!","2024-08-30 16:26:46"
"19","25","2","I'm so sad about my purchase from John.","2024-09-17 07:20:35"
"51","96","2","I wish I could return my purchase from David.","2024-02-26 15:28:26"
"51","40","3","I'm not sure if I like my purchase from Stephanie.","2024-09-03 07:05:34"
"71","93","1","I wish I could return my purchase from Michael.","2024-06-17 11:13:05"
"3","1","3","I'm not sure how I feel about my purchase from Madison.","2024-02-09 11:13:22"
"64","19","4","I had a great experience with Brian!","2024-05-02 00:48:38"
"37","33","4","I had a great experience with Joshua!","2024-05-07 12:08:38"
"48","55","4","I'm so happy with my purchase from Donald!","2024-06-03 14:58:25"
"27","74","3","I'm not sure if I like my purchase from Savannah.","2024-04-05 08:20:26"
"31","88","2","I'm so disappointed with my purchase from Rebecca.","2024-04-05 03:12:03"
"43","38","1","My experience with Timothy was a huge disappointment.","2024-11-24 02:29:43"
"17","75","3","I'm not sure if I want to keep my purchase from Jenna.","2024-06-13 01:02:39"
"21","41","1","I wish I could return my purchase from Nathan.","2024-08-30 04:14:33"
"86","48","1","I'm so sad about my purchase from Mark.","2024-05-01 13:39:47"
"60","8","4","I love shopping with Cindy!","2024-08-17 00:22:16"
"53","64","3","I'm not sure if I want to return my purchase from Kimberly.","2024-01-06 16:26:50"
"14","22","1","I wish I could return my purchase from Pamela.","2024-12-01 23:37:50"
"69","30","4","I had a great experience with Chad!","2024-09-26 07:29:18"
"90","14","5","I love shopping with Melissa!","2024-04-05 07:42:12"
"8","5","2","My experience with Sharon was a huge disappointment.","2024-04-30 17:58:53"
"47","4","5","I love shopping with Jared!","2024-02-10 18:53:33"
"47","5","4","I'm so happy with my purchase from Sharon!","2024-05-18 00:36:21"
"81","25","4","I'm so excited to buy more from John!","2024-04-01 02:46:48"
"15","17","2","My experience with Micheal was a huge disappointment.","2024-11-22 23:13:34"
"43","82","3","I'm not sure how I feel about my purchase from Linda.","2024-07-01 16:47:05"
"87","88","1","I'm so disappointed with my purchase from Rebecca.","2024-02-19 23:35:02"
"9","93","1","I'm so disappointed with my purchase from Michael.","2024-07-28 08:19:45"
"47","68","2","I'm so upset about my purchase from Heather.","2024-02-19 18:26:40"
"83","88","3","I'm not sure if I want to return my purchase from Rebecca.","2024-01-01 19:37:49"
"37","22","3","I'm not sure if I want to return my purchase from Pamela.","2024-07-14 11:56:50"
"22","90","5","I had a great experience with Kelly!","2024-11-26 01:47:39"
"62","77","3","I'm not sure if I want to return my purchase from Dr..","2024-07-20 17:15:54"
"67","83","4","I'm so happy with my purchase from Krista!","2024-07-24 15:28:20"
"18","74","4","I'm so happy with my purchase from Savannah!","2024-08-26 16:04:23"
"23","43","4","I'm so excited to buy more from Allen!","2024-03-06 08:42:09"
"61","30","5","I'm so excited to buy more from Chad!","2024-04-06 10:11:08"
"24","80","1","I'm so upset about my purchase from Jonathan.","2024-10-06 11:10:50"
"52","96","3","I'm not sure if I like my purchase from David.","2024-11-17 00:38:36"
"18","54","5","I had a great experience with Karen!","2024-01-24 02:04:29"
"71","52","1","I wish I could return my purchase from Sean.","2024-06-18 07:39:49"
"26","64","4","I love shopping with Kimberly!","2024-02-09 16:24:37"
"94","38","4","I love shopping with Timothy!","2024-08-05 18:50:48"
"47","49","3","I'm not sure how I feel about my purchase from Brian.","2024-06-11 03:55:40"
"57","29","5","I had a great experience with Michelle!","2024-07-03 19:52:55"
"34","35","3","I'm not sure how I feel about my purchase from Jasmine.","2024-01-17 23:14:30"
"87","13","1","I wish I could return my purchase from Todd.","2024-03-11 12:04:38"
"61","29","5","I'm so happy with my purchase from Michelle!","2024-04-01 01:27:57"
"42","90","3","I'm so-so about my purchase from Kelly.","2024-04-10 20:13:54"
"2","64","1","I wish I could return my purchase from Kimberly.","2024-04-17 20:04:35"
"36","3","4","I'm so excited to buy more from Lauren!","2024-06-06 23:49:50"
"71","41","2","I'm so disappointed with my purchase from Nathan.","2024-10-29 20:06:05"
"54","82","2","I'm so upset about my purchase from Linda.","2024-02-25 14:51:05"
"58","54","1","I'm so sad about my purchase from Karen.","2024-07-27 16:19:43"
"96","13","4","I'm so happy with my purchase from Todd!","2024-05-10 04:14:59"
"66","54","5","I had a great experience with Karen!","2024-12-01 23:49:26"
"1","82","2","I'm so disappointed with my purchase from Linda.","2024-05-26 03:04:50"
"12","1","1","I wish I could return my purchase from Madison.","2024-06-11 11:25:01"
"15","49","3","I'm not sure if I want to keep my purchase from Brian.","2024-05-05 00:09:09"
"63","16","3","I'm so-so about my purchase from David.","2024-10-16 18:57:02"
"70","88","1","I'm so upset about my purchase from Rebecca.","2024-11-21 07:23:08"
"23","72","3","I'm not sure if I like my purchase from Laura.","2024-11-27 06:35:18"
"95","77","4","I'm so excited to buy more from Dr.!","2024-07-10 20:16:55"
"49","55","1","I'm so sad about my purchase from Donald.","2024-11-05 15:53:14"
"82","53","5","I love shopping with Felicia!","2024-01-30 12:12:37"
"10","52","5","I'm so happy with my purchase from Sean!","2024-04-03 01:27:31"
"48","89","4","I'm so happy with my purchase from Charles!","2024-09-22 19:17:33"
"78","95","3","I'm not sure how I feel about my purchase from Jason.","2024-03-10 11:18:10"
"64","90","1","I'm so sad about my purchase from Kelly.","2024-08-08 21:30:25"
"65","80","1","I'm so upset about my purchase from Jonathan.","2024-08-02 03:05:07"
"27","75","2","I'm so upset about my purchase from Jenna.","2024-08-15 15:36:01"
"21","6","5","I'm so excited to buy more from Amanda!","2024-08-29 22:10:06"
"72","74","2","I'm so disappointed with my purchase from Savannah.","2024-06-01 03:53:10"
"88","49","4","I'm so excited to buy more from Brian!","2024-10-13 20:59:07"
"37","30","1","I wish I could return my purchase from Chad.","2024-08-28 19:16:46"
"57","43","2","I wish I could return my purchase from Allen.","2024-08-30 10:13:21"
"24","94","1","I wish I could return my purchase from Kent.","2024-09-21 20:46:16"
"20","25","1","My experience with John was a huge disappointment.","2024-03-17 02:12:10"
"35","43","2","I'm so sad about my purchase from Allen.","2024-10-16 21:40:30"
"98","49","5","I love shopping with Brian!","2024-05-24 23:37:49"
"17","88","2","I wish I could return my purchase from Rebecca.","2024-05-29 08:15:48"
"73","25","3","I'm not sure if I like my purchase from John.","2024-04-19 01:15:44"
"96","53","1","I'm so sad about my purchase from Felicia.","2024-04-15 00:00:46"
"93","82","5","I had a great experience with Linda!","2024-02-07 11:51:53"
"70","90","1","I'm so upset about my purchase from Kelly.","2024-01-28 11:51:56"
"80","13","1","I'm so disappointed with my purchase from Todd.","2024-11-10 00:46:25"
"17","64","2","I'm so upset about my purchase from Kimberly.","2024-05-25 23:03:59"
"27","53","5","I love shopping with Felicia!","2024-07-04 05:38:37"
"71","27","5","I love shopping with William!","2024-06-27 03:57:56"
"53","13","4","I'm so happy with my purchase from Todd!","2024-11-17 01:37:49"
"7","88","5","I love shopping with Rebecca!","2024-03-08 20:32:00"
"76","83","4","I'm so happy with my purchase from Krista!","2024-04-12 01:23:58"
"45","83","2","My experience with Krista was a huge disappointment.","2024-07-29 08:05:55"
"63","33","1","I'm so sad about my purchase from Joshua.","2024-08-29 00:58:36"
"81","72","2","I'm so disappointed with my purchase from Laura.","2024-06-23 04:34:51"
"55","68","5","I'm so excited to buy more from Heather!","2024-02-06 13:11:13"
"13","80","5","I'm so excited to buy more from Jonathan!","2024-08-24 07:24:02"
"9","54","4","I'm so excited to buy more from Karen!","2024-08-30 04:06:10"
"67","13","1","I'm so sad about my purchase from Todd.","2024-07-22 15:03:43"
"95","38","1","I'm so sad about my purchase from Timothy.","2024-04-18 11:42:57"
"20","14","3","I'm not sure if I want to return my purchase from Melissa.","2024-10-25 18:24:12"
"14","80","5","I'm so happy with my purchase from Jonathan!","2024-01-11 13:08:48"
"90","8","5","I'm so happy with my purchase from Cindy!","2024-11-27 05:14:17"
"98","64","2","I wish I could return my purchase from Kimberly.","2024-01-14 16:05:22"
"41","28","3","I'm so-so about my purchase from Francis.","2024-08-22 19:23:50"
"59","53","3","I'm not sure how I feel about my purchase from Felicia.","2024-01-28 08:43:16"
"31","93","1","I'm so sad about my purchase from Michael.","2024-03-01 08:21:21"
"80","16","2","My experience with David was a huge disappointment.","2024-10-01 14:39:11"
"1","52","4","I love shopping with Sean!","2024-10-04 21:39:35"
"36","80","2","I'm so disappointed with my purchase from Jonathan.","2024-08-05 22:37:03"
"25","72","4","I love shopping with Laura!","2024-05-23 14:28:15"
"50","55","3","I'm not sure if I want to keep my purchase from Donald.","2024-05-29 06:05:47"
"30","8","2","My experience with Cindy was a huge disappointment.","2024-07-28 13:31:26"
"94","64","2","I'm so sad about my purchase from Kimberly.","2024-09-29 12:43:29"
"37","89","2","I'm so upset about my purchase from Charles.","2024-09-08 15:36:56"
"49","84","4","I'm so happy with my purchase from James!","2024-06-06 00:06:10"
"30","17","5","I love shopping with Micheal!","2024-09-13 03:00:44"
"8","4","5","I'm so happy with my purchase from Jared!","2024-04-03 19:31:02"
"96","22","5","I'm so excited to buy more from Pamela!","2024-08-17 01:11:13"
"62","68","5","I'm so happy with my purchase from Heather!","2024-05-30 02:26:02"
"39","83","1","My experience with Krista was a huge disappointment.","2024-11-09 16:49:23"
"57","40","2","I wish I could return my purchase from Stephanie.","2024-02-24 20:48:28"
"84","82","1","I wish I could return my purchase from Linda.","2024-03-30 16:04:34"
"96","55","3","I'm not sure if I want to return my purchase from Donald.","2024-11-13 23:11:02"
"78","19","1","I'm so upset about my purchase from Brian.","2024-07-12 22:03:52"
"71","54","5","I had a great experience with Karen!","2024-09-02 15:40:58"
"41","49","1","I'm so sad about my purchase from Brian.","2024-10-22 18:31:56"
"6","25","1","I wish I could return my purchase from John.","2024-06-21 09:50:39"
"13","93","3","I'm not sure how I feel about my purchase from Michael.","2024-06-24 11:18:31"
"73","28","5","I love shopping with Francis!","2024-08-01 15:24:18"
"67","41","2","I'm so disappointed with my purchase from Nathan.","2024-01-11 06:48:29"
"90","54","1","My experience with Karen was a huge disappointment.","2024-05-23 16:13:00"
"32","25","1","I wish I could return my purchase from John.","2024-05-30 20:08:01"
"99","52","5","I had a great experience with Sean!","2024-11-27 13:14:24"
"83","22","2","I'm so upset about my purchase from Pamela.","2024-05-24 00:08:03"
"75","38","3","I'm so-so about my purchase from Timothy.","2024-06-28 23:49:30"
"71","1","4","I'm so happy with my purchase from Madison!","2024-05-18 19:34:15"
"36","33","4","I'm so excited to buy more from Joshua!","2024-10-18 01:18:24"
"1","8","3","I'm not sure how I feel about my purchase from Cindy.","2024-06-15 04:25:15"
"26","1","2","I wish I could return my purchase from Madison.","2024-10-11 04:35:00"
"5","30","4","I'm so excited to buy more from Chad!","2024-11-24 07:34:43"
"0","53","5","I'm so excited to buy more from Felicia!","2024-07-28 03:43:39"
"37","54","4","I'm so excited to buy more from Karen!","2024-01-26 07:23:42"
"70","6","1","I'm so disappointed with my purchase from Amanda.","2024-05-11 10:53:14"
"50","96","1","I wish I could return my purchase from David.","2024-04-01 17:49:33"
"94","52","1","I'm so sad about my purchase from Sean.","2024-08-07 18:34:13"
"41","30","2","My experience with Chad was a huge disappointment.","2024-05-12 19:54:01"
"99","41","5","I'm so excited to buy more from Nathan!","2024-05-25 20:11:42"
"54","74","4","I'm so happy with my purchase from Savannah!","2024-08-12 12:17:52"
"29","56","5","I had a great experience with Jennifer!","2024-04-07 14:27:20"
"58","56","1","I'm so disappointed with my purchase from Jennifer.","2024-01-23 12:37:07"
"32","82","3","I'm not sure if I like my purchase from Linda.","2024-07-12 17:44:12"
"63","88","2","I'm so upset about my purchase from Rebecca.","2024-08-19 23:43:43"
"96","6","3","I'm so-so about my purchase from Amanda.","2024-09-14 09:43:09"
"25","43","2","I'm so disappointed with my purchase from Allen.","2024-02-28 16:18:02"
"87","5","5","I'm so excited to buy more from Sharon!","2024-08-29 00:51:18"
"55","89","4","I had a great experience with Charles!","2024-12-01 10:35:51"
"41","72","2","My experience with Laura was a huge disappointment.","2024-03-08 04:48:11"
"81","93","1","I wish I could return my purchase from Michael.","2024-07-06 02:01:17"
"40","52","2","I'm so upset about my purchase from Sean.","2024-11-30 07:06:10"
"6","30","2","I wish I could return my purchase from Chad.","2024-05-05 04:29:23"
"82","89","4","I'm so excited to buy more from Charles!","2024-01-04 00:47:22"
"82","14","1","I'm so sad about my purchase from Melissa.","2024-10-28 21:20:13"
"11","74","5","I had a great experience with Savannah!","2024-01-10 10:04:43"
"51","64","1","My experience with Kimberly was a huge disappointment.","2024-03-07 15:51:08"
"76","19","2","I wish I could return my purchase from Brian.","2024-03-13 03:21:04"
"9","88","1","I'm so sad about my purchase from Rebecca.","2024-03-28 02:13:37"
"16","33","1","My experience with Joshua was a huge disappointment.","2024-08-06 19:25:59"
"14","55","5","I love shopping with Donald!","2024-02-04 00:59:42"
"15","30","4","I'm so excited to buy more from Chad!","2024-09-05 21:48:20"
"75","1","2","I'm so upset about my purchase from Madison.","2024-03-08 03:47:17"
"86","38","4","I love shopping with Timothy!","2024-03-01 20:07:53"
"4","3","2","I'm so sad about my purchase from Lauren.","2024-11-19 18:43:34"
"58","95","1","My experience with Jason was a huge disappointment.","2024-04-24 18:29:09"
"86","16","4","I'm so excited to buy more from David!","2024-06-18 12:07:48"
"96","17","4","I'm so happy with my purchase from Micheal!","2024-03-01 12:40:31"
"11","28","5","I love shopping with Francis!","2024-09-22 09:02:58"
"5","29","1","I'm so upset about my purchase from Michelle.","2024-06-26 15:58:50"
"65","19","3","I'm not sure if I want to return my purchase from Brian.","2024-02-15 03:56:42"
"48","29","1","I'm so upset about my purchase from Michelle.","2024-08-01 13:10:03"
"4","17","1","I'm so disappointed with my purchase from Micheal.","2024-07-01 09:36:36"
"16","49","2","I'm so disappointed with my purchase from Brian.","2024-03-03 08:18:59"
"52","80","4","I'm so excited to buy more from Jonathan!","2024-08-21 06:03:00"
"44","19","1","I'm so upset about my purchase from Brian.","2024-06-25 11:20:45"
"14","48","5","I'm so happy with my purchase from Mark!","2024-09-26 05:06:04"
"10","88","2","I wish I could return my purchase from Rebecca.","2024-05-05 18:34:04"
"39","27","4","I had a great experience with William!","2024-11-02 11:37:01"
"9","56","1","I'm so upset about my purchase from Jennifer.","2024-02-26 01:24:53"
"69","27","2","I wish I could return my purchase from William.","2024-02-13 20:07:45"
"31","17","5","I'm so excited to buy more from Micheal!","2024-10-22 18:14:42"
"46","64","5","I love shopping with Kimberly!","2024-09-14 17:04:58"
"8","27","3","I'm not sure how I feel about my purchase from William.","2024-03-11 22:35:26"
"7","22","2","My experience with Pamela was a huge disappointment.","2024-11-24 04:38:51"
"81","90","3","I'm not sure if I like my purchase from Kelly.","2024-01-16 15:04:27"
"33","1","2","I wish I could return my purchase from Madison.","2024-04-11 19:35:35"
"58","59","5","I'm so excited to buy more from Meagan!","2024-03-08 23:16:12"
"8","89","3","I'm so-so about my purchase from Charles.","2024-07-09 11:18:32"
"50","95","2","I'm so sad about my purchase from Jason.","2024-03-27 06:12:19"
"50","27","2","I'm so sad about my purchase from William.","2024-01-30 11:18:23"
"64","48","2","I'm so sad about my purchase from Mark.","2024-09-23 09:06:54"
"95","54","5","I'm so excited to buy more from Karen!","2024-06-26 09:00:41"
"84","52","3","I'm not sure if I like my purchase from Sean.","2024-11-10 13:27:27"
"52","74","5","I'm so excited to buy more from Savannah!","2024-02-08 14:27:37"
"67","82","2","I'm so upset about my purchase from Linda.","2024-08-22 05:33:45"
"40","48","5","I'm so excited to buy more from Mark!","2024-04-09 13:36:54"
"81","89","4","I'm so happy with my purchase from Charles!","2024-01-02 14:07:06"
"45","33","5","I'm so happy with my purchase from Joshua!","2024-01-20 09:49:05"
"1","94","5","I had a great experience with Kent!","2024-04-11 01:05:44"
"29","5","5","I'm so excited to buy more from Sharon!","2024-05-12 04:00:50"
"17","84","2","I'm so upset about my purchase from James.","2024-08-28 20:25:25"
"66","28","2","My experience with Francis was a huge disappointment.","2024-08-19 12:21:35"
"13","90","3","I'm not sure if I want to return my purchase from Kelly.","2024-04-17 11:18:58"
"19","52","2","I'm so sad about my purchase from Sean.","2024-11-22 06:47:45"
"0","13","5","I had a great experience with Todd!","2024-01-10 03:56:28"
"5","53","4","I'm so excited to buy more from Felicia!","2024-03-29 02:17:08"
"99","75","3","I'm so-so about my purchase from Jenna.","2024-02-11 08:03:14"
"58","17","1","I wish I could return my purchase from Micheal.","2024-07-20 13:09:04"
"26","8","3","I'm not sure how I feel about my purchase from Cindy.","2024-07-15 01:12:21"
"46","53","3","I'm not sure if I want to keep my purchase from Felicia.","2024-09-11 05:04:40"
"12","3","3","I'm not sure if I want to return my purchase from Lauren.","2024-01-10 00:31:52"
"8","75","5","I had a great experience with Jenna!","2024-03-12 05:15:00"
"63","13","1","I'm so disappointed with my purchase from Todd.","2024-07-30 13:14:50"
"24","43","4","I'm so excited to buy more from Allen!","2024-03-01 17:58:56"
"40","1","1","My experience with Madison was a huge disappointment.","2024-10-17 20:17:29"
"18","6","3","I'm not sure if I want to keep my purchase from Amanda.","2024-04-13 11:57:59"
"76","38","3","I'm not sure how I feel about my purchase from Timothy.","2024-03-19 08:24:24"
"93","6","5","I had a great experience with Amanda!","2024-07-08 14:39:08"
"3","59","1","I'm so sad about my purchase from Meagan.","2024-06-23 09:57:20"
"10","14","1","I'm so disappointed with my purchase from Melissa.","2024-04-18 06:38:11"
"31","55","4","I love shopping with Donald!","2024-03-19 05:30:24"
"25","17","1","My experience with Micheal was a huge disappointment.","2024-07-18 23:32:48"
"89","90","4","I had a great experience with Kelly!","2024-07-29 20:23:30"
"4","53","3","I'm not sure how I feel about my purchase from Felicia.","2024-03-10 02:10:33"
"76","6","1","I'm so upset about my purchase from Amanda.","2024-08-31 15:23:13"
"61","96","3","I'm not sure if I want to keep my purchase from David.","2024-02-16 06:56:28"
"71","4","5","I love shopping with Jared!","2024-02-13 17:27:52"
"28","27","2","I'm so upset about my purchase from William.","2024-02-29 18:51:58"
"90","40","3","I'm not sure how I feel about my purchase from Stephanie.","2024-07-11 22:44:52"
"39","72","4","I had a great experience with Laura!","2024-11-07 11:01:49"
"1","53","2","I wish I could return my purchase from Felicia.","2024-06-09 15:33:58"
"14","83","3","I'm not sure if I want to keep my purchase from Krista.","2024-09-12 16:24:13"
"91","1","2","My experience with Madison was a huge disappointment.","2024-01-09 05:49:18"
"84","95","4","I'm so excited to buy more from Jason!","2024-04-21 01:13:25"
"73","40","2","I'm so disappointed with my purchase from Stephanie.","2024-09-11 03:52:55"
"96","74","2","I'm so disappointed with my purchase from Savannah.","2024-10-21 22:00:16"
"59","43","5","I had a great experience with Allen!","2024-09-09 03:17:27"
"50","1","3","I'm not sure if I want to keep my purchase from Madison.","2024-10-14 21:39:47"
"76","80","1","I'm so sad about my purchase from Jonathan.","2024-10-06 01:45:59"
"53","93","1","I'm so sad about my purchase from Michael.","2024-09-29 17:30:27"
"55","74","1","I wish I could return my purchase from Savannah.","2024-11-14 15:13:39"
"48","5","2","I wish I could return my purchase from Sharon.","2024-04-02 09:04:41"
"96","11","2","My experience with Haley was a huge disappointment.","2024-05-28 01:32:31"
"79","40","3","I'm so-so about my purchase from Stephanie.","2024-05-07 12:22:52"
"29","27","1","I wish I could return my purchase from William.","2024-06-09 19:03:27"
"77","72","3","I'm not sure how I feel about my purchase from Laura.","2024-08-14 21:55:36"
"97","38","5","I love shopping with Timothy!","2024-05-24 04:15:19"
"49","72","5","I had a great experience with Laura!","2024-12-02 04:10:52"
"99","89","2","I'm so sad about my purchase from Charles.","2024-04-30 11:25:00"
"5","16","5","I had a great experience with David!","2024-03-20 14:25:00"
"82","8","3","I'm not sure if I like my purchase from Cindy.","2024-03-13 02:03:33"
"23","38","4","I had a great experience with Timothy!","2024-09-21 02:42:38"
"76","22","2","I'm so upset about my purchase from Pamela.","2024-05-10 02:25:03"
"22","16","5","I'm so excited to buy more from David!","2024-09-27 13:42:17"
"55","22","4","I had a great experience with Pamela!","2024-01-07 22:39:32"
"6","84","1","I wish I could return my purchase from James.","2024-10-24 09:17:31"
"47","14","5","I'm so happy with my purchase from Melissa!","2024-05-15 09:03:27"
"99","72","3","I'm not sure if I want to return my purchase from Laura.","2024-10-24 02:21:19"
"22","48","1","My experience with Mark was a huge disappointment.","2024-07-09 13:54:12"
"34","96","1","I'm so disappointed with my purchase from David.","2024-10-21 00:21:35"
"74","13","5","I love shopping with Todd!","2024-02-10 06:56:29"
"31","74","3","I'm not sure if I want to keep my purchase from Savannah.","2024-08-13 14:55:25"
"52","16","2","I'm so upset about my purchase from David.","2024-08-27 10:50:12"
"80","54","4","I'm so excited to buy more from Karen!","2024-11-09 19:37:44"
"69","40","4","I'm so excited to buy more from Stephanie!","2024-06-08 12:18:38"
"63","22","5","I had a great experience with Pamela!","2024-11-03 00:11:23"
"48","6","2","I'm so disappointed with my purchase from Amanda.","2024-05-06 23:06:37"
"41","55","5","I love shopping with Donald!","2024-07-15 19:13:43"
"98","25","2","I'm so sad about my purchase from John.","2024-06-09 19:13:14"
"34","25","2","My experience with John was a huge disappointment.","2024-06-01 18:10:56"
"26","54","5","I'm so excited to buy more from Karen!","2024-11-24 18:10:25"
"80","1","3","I'm not sure how I feel about my purchase from Madison.","2024-11-23 17:07:38"
"77","40","1","I'm so sad about my purchase from Stephanie.","2024-09-28 08:55:15"
"60","35","2","I'm so upset about my purchase from Jasmine.","2024-09-02 17:28:37"
"79","96","1","I'm so upset about my purchase from David.","2024-04-03 16:23:46"
"20","30","5","I love shopping with Chad!","2024-08-21 21:45:23"
"57","84","3","I'm not sure if I like my purchase from James.","2024-01-07 08:45:04"
"45","56","4","I'm so excited to buy more from Jennifer!","2024-01-16 05:11:51"
"3","8","5","I love shopping with Cindy!","2024-09-10 08:34:32"
"12","82","4","I'm so excited to buy more from Linda!","2024-05-05 18:57:52"
"52","8","4","I'm so happy with my purchase from Cindy!","2024-02-27 12:34:29"
"24","25","2","I'm so sad about my purchase from John.","2024-10-23 15:23:20"
"43","95","1","I'm so disappointed with my purchase from Jason.","2024-04-14 07:51:24"
"3","49","5","I'm so happy with my purchase from Brian!","2024-03-30 12:58:35"
"21","54","4","I'm so happy with my purchase from Karen!","2024-08-03 18:42:51"
"45","68","5","I'm so excited to buy more from Heather!","2024-08-29 23:35:13"
"18","59","2","I'm so upset about my purchase from Meagan.","2024-04-28 08:08:01"
"63","28","4","I'm so happy with my purchase from Francis!","2024-05-16 08:54:50"
"46","89","5","I'm so excited to buy more from Charles!","2024-10-31 07:04:04"
"1","90","1","I'm so upset about my purchase from Kelly.","2024-02-23 15:26:14"
"74","96","2","I'm so upset about my purchase from David.","2024-11-06 11:49:49"
"19","80","3","I'm so-so about my purchase from Jonathan.","2024-02-28 13:02:12"
"69","93","5","I love shopping with Michael!","2024-11-08 13:54:58"
"42","94","2","I'm so disappointed with my purchase from Kent.","2024-08-25 08:17:27"
"21","1","1","I wish I could return my purchase from Madison.","2024-01-21 16:53:53"
"86","28","1","I'm so disappointed with my purchase from Francis.","2024-09-08 20:04:50"
"30","77","2","I'm so sad about my purchase from Dr..","2024-10-24 10:06:58"
"62","94","1","My experience with Kent was a huge disappointment.","2024-11-15 23:12:15"
"56","22","2","My experience with Pamela was a huge disappointment.","2024-03-22 16:02:16"
"35","1","5","I'm so excited to buy more from Madison!","2024-01-16 22:34:22"
"86","59","3","I'm not sure if I like my purchase from Meagan.","2024-09-09 15:32:23"
"9","83","1","My experience with Krista was a huge disappointment.","2024-07-26 06:42:40"
"19","89","3","I'm not sure if I want to keep my purchase from Charles.","2024-03-15 05:34:01"
"43","11","3","I'm not sure how I feel about my purchase from Haley.","2024-06-07 20:22:53"
"11","55","2","I'm so upset about my purchase from Donald.","2024-09-24 15:17:46"
"60","13","3","I'm not sure how I feel about my purchase from Todd.","2024-02-29 21:53:11"
"14","28","1","My experience with Francis was a huge disappointment.","2024-08-04 14:25:01"
"83","30","4","I love shopping with Chad!","2024-04-02 14:40:59"
"35","72","1","I'm so sad about my purchase from Laura.","2024-04-14 21:52:53"
"87","30","4","I had a great experience with Chad!","2024-03-07 20:43:05"
"12","90","2","I'm so disappointed with my purchase from Kelly.","2024-07-17 09:56:29"
"39","93","4","I had a great experience with Michael!","2024-11-04 02:24:42"
"83","33","1","My experience with Joshua was a huge disappointment.","2024-10-01 07:39:55"
"3","13","5","I had a great experience with Todd!","2024-02-07 10:27:55"
"88","43","1","I wish I could return my purchase from Allen.","2024-10-08 15:04:12"
"27","28","3","I'm not sure if I want to keep my purchase from Francis.","2024-05-06 09:19:16"
"87","19","5","I'm so happy with my purchase from Brian!","2024-04-25 23:22:29"
"35","27","1","I'm so sad about my purchase from William.","2024-02-19 23:24:55"
"16","83","1","My experience with Krista was a huge disappointment.","2024-07-22 15:04:41"
"17","74","3","I'm not sure how I feel about my purchase from Savannah.","2024-06-01 21:15:00"
"71","83","2","I wish I could return my purchase from Krista.","2024-11-01 15:34:32"
"51","30","4","I'm so happy with my purchase from Chad!","2024-03-08 18:55:36"
"4","95","5","I'm so excited to buy more from Jason!","2024-05-17 03:20:07"
"98","96","2","My experience with David was a huge disappointment.","2024-08-31 16:37:54"
"36","68","5","I love shopping with Heather!","2024-11-21 00:08:10"
"49","35","1","I wish I could return my purchase from Jasmine.","2024-10-04 19:38:10"
"65","83","1","My experience with Krista was a huge disappointment.","2024-05-27 02:39:52"
"42","22","3","I'm not sure if I want to return my purchase from Pamela.","2024-06-03 13:56:11"
"9","25","2","I'm so sad about my purchase from John.","2024-11-08 01:43:38"
"60","40","2","I'm so upset about my purchase from Stephanie.","2024-08-17 03:57:03"
"52","53","2","I wish I could return my purchase from Felicia.","2024-09-11 23:25:51"
"50","8","2","I'm so sad about my purchase from Cindy.","2024-08-21 07:46:41"
"30","1","1","I'm so upset about my purchase from Madison.","2024-04-10 00:05:36"
"84","64","1","I'm so upset about my purchase from Kimberly.","2024-11-22 16:16:32"
"91","30","4","I'm so excited to buy more from Chad!","2024-02-25 14:04:50"
"88","17","4","I'm so excited to buy more from Micheal!","2024-02-07 16:16:18"
"53","89","4","I had a great experience with Charles!","2024-06-16 15:26:07"
"81","16","2","I'm so disappointed with my purchase from David.","2024-05-13 17:57:49"
"55","75","3","I'm not sure if I want to keep my purchase from Jenna.","2024-09-25 19:59:36"
"97","16","3","I'm not sure how I feel about my purchase from David.","2024-09-03 17:01:56"
"53","59","4","I love shopping with Meagan!","2024-07-16 23:40:21"
"71","38","5","I'm so happy with my purchase from Timothy!","2024-03-18 22:18:12"
"94","35","1","I'm so disappointed with my purchase from Jasmine.","2024-10-07 09:41:07"
"23","96","5","I love shopping with David!","2024-03-09 20:48:25"
"25","38","5","I'm so excited to buy more from Timothy!","2024-10-04 20:15:05"
"44","90","3","I'm not sure if I like my purchase from Kelly.","2024-09-16 13:21:47"
"91","40","2","I'm so disappointed with my purchase from Stephanie.","2024-01-09 11:51:41"
"36","27","4","I'm so happy with my purchase from William!","2024-02-04 20:39:52"
"28","52","3","I'm not sure if I like my purchase from Sean.","2024-08-06 17:47:31"
"92","41","5","I'm so happy with my purchase from Nathan!","2024-07-08 22:45:20"
"21","49","3","I'm not sure if I want to return my purchase from Brian.","2024-05-30 09:21:09"
"76","96","4","I'm so happy with my purchase from David!","2024-02-02 16:44:23"
"0","88","3","I'm not sure if I like my purchase from Rebecca.","2024-05-09 14:51:26"
"22","96","4","I had a great experience with David!","2024-04-25 16:44:26"
"24","26","3","I'm so-so about my purchase from Evelyn.","2024-07-28 12:30:53"
"65","14","1","I'm so disappointed with my purchase from Melissa.","2024-01-17 15:41:28"
"50","52","3","I'm not sure if I want to return my purchase from Sean.","2024-02-26 21:16:28"
"87","53","4","I had a great experience with Felicia!","2024-07-15 05:55:32"
"89","59","2","I'm so disappointed with my purchase from Meagan.","2024-06-22 17:20:15"
"98","13","3","I'm not sure how I feel about my purchase from Todd.","2024-11-11 06:45:19"
"35","64","4","I love shopping with Kimberly!","2024-04-28 09:35:45"
"64","28","1","I'm so upset about my purchase from Francis.","2024-11-04 14:10:56"
"53","22","3","I'm so-so about my purchase from Pamela.","2024-03-09 03:04:52"
"55","72","5","I'm so excited to buy more from Laura!","2024-02-17 16:02:19"
"45","94","1","My experience with Kent was a huge disappointment.","2024-03-31 05:17:10"
"54","49","1","I'm so upset about my purchase from Brian.","2024-06-21 05:40:53"
"32","38","2","I'm so upset about my purchase from Timothy.","2024-09-03 12:03:30"
"92","53","2","I'm so upset about my purchase from Felicia.","2024-11-09 13:20:18"
"45","88","2","I'm so upset about my purchase from Rebecca.","2024-03-16 08:24:01"
"18","43","4","I'm so happy with my purchase from Allen!","2024-01-15 03:36:40"
"14","30","3","I'm not sure if I want to keep my purchase from Chad.","2024-08-02 01:51:09"
"69","53","4","I'm so happy with my purchase from Felicia!","2024-04-28 05:32:24"
"85","6","3","I'm so-so about my purchase from Amanda.","2024-04-05 19:04:21"
"63","1","2","I wish I could return my purchase from Madison.","2024-09-06 17:47:24"
"1","83","5","I love shopping with Krista!","2024-07-01 18:25:26"
"68","72","3","I'm not sure if I want to return my purchase from Laura.","2024-05-12 03:27:52"
"42","41","3","I'm not sure if I like my purchase from Nathan.","2024-04-18 14:43:37"
"68","64","2","My experience with Kimberly was a huge disappointment.","2024-11-11 17:16:00"
"66","68","1","My experience with Heather was a huge disappointment.","2024-02-29 12:17:35"
"25","41","1","My experience with Nathan was a huge disappointment.","2024-06-15 18:34:58"
"90","38","2","I wish I could return my purchase from Timothy.","2024-10-16 15:04:09"
"81","83","3","I'm so-so about my purchase from Krista.","2024-11-03 11:02:59"
"91","77","1","I'm so disappointed with my purchase from Dr..","2024-09-30 11:05:43"
"58","82","1","I'm so sad about my purchase from Linda.","2024-09-16 08:53:52"
"0","64","4","I had a great experience with Kimberly!","2024-10-19 14:21:23"
"56","17","5","I love shopping with Micheal!","2024-02-14 10:34:57"
"28","77","3","I'm not sure if I want to keep my purchase from Dr..","2024-09-08 06:13:16"
"8","6","2","I'm so upset about my purchase from Amanda.","2024-05-14 05:46:30"
"23","6","5","I had a great experience with Amanda!","2024-12-02 03:14:36"
"31","11","1","My experience with Haley was a huge disappointment.","2024-08-09 06:54:17"
"13","28","3","I'm not sure if I want to keep my purchase from Francis.","2024-09-02 19:55:15"
"44","27","3","I'm not sure how I feel about my purchase from William.","2024-02-17 04:27:50"
"1","41","5","I'm so happy with my purchase from Nathan!","2024-08-27 19:45:52"
"85","8","5","I had a great experience with Cindy!","2024-02-10 07:45:37"
"34","93","4","I'm so excited to buy more from Michael!","2024-03-08 04:01:37"
"75","94","1","I'm so upset about my purchase from Kent.","2024-03-02 12:47:57"
"2","29","3","I'm so-so about my purchase from Michelle.","2024-07-19 07:58:02"
"27","13","2","My experience with Todd was a huge disappointment.","2024-10-05 00:37:46"
"30","52","2","I'm so sad about my purchase from Sean.","2024-06-08 07:11:43"
"91","75","3","I'm not sure if I want to return my purchase from Jenna.","2024-02-07 12:03:24"
"85","30","3","I'm not sure if I want to return my purchase from Chad.","2024-10-13 16:01:05"
"39","30","2","I'm so upset about my purchase from Chad.","2024-04-30 19:12:03"
"51","29","1","I'm so upset about my purchase from Michelle.","2024-09-12 22:08:36"
"82","43","3","I'm not sure how I feel about my purchase from Allen.","2024-05-26 04:34:16"
"73","52","2","I'm so sad about my purchase from Sean.","2024-07-27 08:02:45"
"10","28","2","I'm so sad about my purchase from Francis.","2024-11-24 18:33:48"
"77","30","3","I'm not sure if I want to keep my purchase from Chad.","2024-02-16 02:03:12"
"84","93","5","I'm so happy with my purchase from Michael!","2024-09-18 03:33:25"
"95","72","5","I had a great experience with Laura!","2024-03-24 02:53:01"
"78","28","3","I'm not sure if I like my purchase from Francis.","2024-02-26 12:09:39"
"44","35","4","I'm so happy with my purchase from Jasmine!","2024-05-22 02:46:38"
"99","17","2","I'm so upset about my purchase from Micheal.","2024-03-12 18:33:38"
"95","17","3","I'm not sure how I feel about my purchase from Micheal.","2024-01-11 00:57:55"
"97","30","2","My experience with Chad was a huge disappointment.","2024-11-21 12:42:22"
"2","17","3","I'm not sure if I like my purchase from Micheal.","2024-09-08 08:40:26"
"92","35","5","I'm so happy with my purchase from Jasmine!","2024-02-26 23:39:43"
"25","93","1","I wish I could return my purchase from Michael.","2024-02-28 02:42:27"
"38","40","3","I'm not sure if I want to return my purchase from Stephanie.","2024-01-10 23:04:25"
"84","26","3","I'm so-so about my purchase from Evelyn.","2024-10-17 11:07:59"
"6","53","5","I'm so excited to buy more from Felicia!","2024-09-22 16:12:48"
"1","28","2","I wish I could return my purchase from Francis.","2024-05-12 23:45:48"
"94","59","3","I'm not sure how I feel about my purchase from Meagan.","2024-03-03 23:39:23"
"81","11","5","I'm so excited to buy more from Haley!","2024-05-13 22:45:08"
"30","19","1","I'm so disappointed with my purchase from Brian.","2024-08-15 11:56:35"
"89","3","3","I'm not sure if I want to return my purchase from Lauren.","2024-01-22 13:59:36"
"33","11","3","I'm not sure if I like my purchase from Haley.","2024-04-03 23:15:20"
"21","14","5","I'm so happy with my purchase from Melissa!","2024-10-23 23:17:12"
"90","77","4","I had a great experience with Dr.!","2024-08-20 09:08:54"
"92","52","1","I'm so disappointed with my purchase from Sean.","2024-02-08 03:35:50"
"77","94","2","I'm so upset about my purchase from Kent.","2024-08-30 08:59:28"
"42","74","5","I'm so excited to buy more from Savannah!","2024-06-22 12:13:52"
"33","4","4","I'm so happy with my purchase from Jared!","2024-09-08 10:48:21"
"22","5","1","I wish I could return my purchase from Sharon.","2024-09-19 11:43:20"
"63","89","1","I'm so upset about my purchase from Charles.","2024-10-03 21:45:34"
"1","96","2","I wish I could return my purchase from David.","2024-02-04 01:53:22"
"70","33","1","My experience with Joshua was a huge disappointment.","2024-06-21 13:48:49"
"27","40","4","I'm so happy with my purchase from Stephanie!","2024-06-03 15:10:40"
"49","89","3","I'm not sure if I like my purchase from Charles.","2024-07-25 09:41:25"
"32","40","2","I'm so upset about my purchase from Stephanie.","2024-10-11 04:09:36"
"68","89","1","I'm so disappointed with my purchase from Charles.","2024-01-16 21:16:09"
"92","13","4","I love shopping with Todd!","2024-02-22 05:06:44"
"71","14","1","My experience with Melissa was a huge disappointment.","2024-08-19 23:32:39"
"76","11","4","I'm so happy with my purchase from Haley!","2024-10-07 19:13:29"
"97","96","2","I wish I could return my purchase from David.","2024-03-26 15:43:26"
"20","35","3","I'm not sure how I feel about my purchase from Jasmine.","2024-08-30 09:45:22"
"77","33","1","My experience with Joshua was a huge disappointment.","2024-07-21 17:46:05"
"45","95","4","I'm so happy with my purchase from Jason!","2024-05-02 07:51:27"
"65","17","5","I had a great experience with Micheal!","2024-06-25 21:06:26"
"51","27","1","I'm so sad about my purchase from William.","2024-02-10 05:22:21"
"66","25","1","I'm so disappointed with my purchase from John.","2024-03-10 10:40:08"
"33","93","3","I'm not sure if I want to return my purchase from Michael.","2024-04-19 09:07:56"
"59","74","2","I wish I could return my purchase from Savannah.","2024-06-03 19:44:41"
"25","84","5","I'm so happy with my purchase from James!","2024-05-01 07:32:02"
"36","35","2","I'm so disappointed with my purchase from Jasmine.","2024-06-29 12:18:15"
"3","43","5","I'm so excited to buy more from Allen!","2024-01-31 10:40:54"
"45","55","5","I had a great experience with Donald!","2024-03-16 21:04:33"
"61","52","2","I'm so sad about my purchase from Sean.","2024-09-23 12:53:11"
"71","49","1","My experience with Brian was a huge disappointment.","2024-05-23 08:32:43"
"40","93","4","I'm so happy with my purchase from Michael!","2024-04-27 20:25:24"
"49","64","2","My experience with Kimberly was a huge disappointment.","2024-10-26 20:22:00"
"15","43","4","I'm so excited to buy more from Allen!","2024-02-18 07:03:43"
"20","96","1","I'm so upset about my purchase from David.","2024-03-14 23:13:11"
"64","17","2","I'm so sad about my purchase from Micheal.","2024-04-16 10:33:19"
"25","68","2","I'm so sad about my purchase from Heather.","2024-06-11 11:21:20"
"86","19","5","I'm so excited to buy more from Brian!","2024-06-06 02:37:16"
"17","52","3","I'm not sure if I like my purchase from Sean.","2024-05-30 02:26:14"
"88","80","2","I'm so disappointed with my purchase from Jonathan.","2024-06-29 23:09:57"
"30","95","5","I'm so excited to buy more from Jason!","2024-09-12 21:18:33"
"85","26","3","I'm not sure if I want to keep my purchase from Evelyn.","2024-07-12 08:27:22"
"38","4","2","I'm so disappointed with my purchase from Jared.","2024-10-08 07:15:51"
"6","64","5","I love shopping with Kimberly!","2024-10-04 04:19:39"
"18","26","3","I'm not sure how I feel about my purchase from Evelyn.","2024-11-05 15:48:21"
"22","68","1","My experience with Heather was a huge disappointment.","2024-06-24 17:51:56"
"54","59","1","I'm so upset about my purchase from Meagan.","2024-10-20 09:04:57"
"19","84","5","I'm so happy with my purchase from James!","2024-08-03 00:05:53"
"0","93","5","I'm so happy with my purchase from Michael!","2024-04-14 14:36:35"
"87","4","5","I'm so happy with my purchase from Jared!","2024-09-04 08:01:49"
"18","4","4","I had a great experience with Jared!","2024-10-24 09:34:00"
"94","82","3","I'm not sure how I feel about my purchase from Linda.","2024-04-25 13:19:24"
"85","3","3","I'm not sure if I want to return my purchase from Lauren.","2024-02-06 19:20:58"
"31","22","5","I'm so happy with my purchase from Pamela!","2024-02-04 01:01:06"
"1","84","2","I'm so disappointed with my purchase from James.","2024-04-21 22:53:46"
"29","75","3","I'm not sure how I feel about my purchase from Jenna.","2024-08-19 13:58:19"
"37","14","1","I'm so disappointed with my purchase from Melissa.","2024-04-10 06:02:01"
"89","14","1","I'm so disappointed with my purchase from Melissa.","2024-11-16 07:47:59"
"61","14","1","I'm so sad about my purchase from Melissa.","2024-11-20 06:12:56"
"38","48","1","I wish I could return my purchase from Mark.","2024-02-13 07:18:52"
"17","90","2","I'm so upset about my purchase from Kelly.","2024-02-09 07:37:19"
"26","93","4","I'm so excited to buy more from Michael!","2024-01-17 00:42:33"
"10","82","5","I'm so excited to buy more from Linda!","2024-04-26 02:57:32"
"36","52","3","I'm not sure how I feel about my purchase from Sean.","2024-04-11 16:22:41"
"36","28","4","I'm so excited to buy more from Francis!","2024-05-18 05:01:03"
"25","27","4","I love shopping with William!","2024-03-06 11:21:13"
"97","64","2","I wish I could return my purchase from Kimberly.","2024-01-12 06:34:28"
"8","1","2","I'm so upset about my purchase from Madison.","2024-05-14 10:43:28"
"29","54","2","My experience with Karen was a huge disappointment.","2024-07-01 17:07:45"
"14","16","3","I'm not sure if I like my purchase from David.","2024-01-06 01:06:52"
"90","84","5","I had a great experience with James!","2024-04-22 05:55:58"
"66","84","4","I love shopping with James!","2024-02-07 01:08:20"
"94","17","3","I'm not sure if I want to return my purchase from Micheal.","2024-09-19 09:13:13"
"35","82","4","I'm so excited to buy more from Linda!","2024-01-30 07:13:41"
"40","54","2","I'm so upset about my purchase from Karen.","2024-01-21 18:16:02"
"94","83","1","I'm so disappointed with my purchase from Krista.","2024-02-23 06:52:49"
"75","82","1","I wish I could return my purchase from Linda.","2024-06-21 11:09:27"
"93","16","5","I had a great experience with David!","2024-08-25 10:43:54"
"96","94","2","I'm so upset about my purchase from Kent.","2024-01-27 17:21:24"
"57","88","2","I wish I could return my purchase from Rebecca.","2024-11-15 07:18:20"
"65","52","3","I'm so-so about my purchase from Sean.","2024-10-02 04:10:11"
"87","59","3","I'm so-so about my purchase from Meagan.","2024-10-09 17:45:27"
"3","82","2","I'm so sad about my purchase from Linda.","2024-01-16 22:03:17"
"97","48","4","I'm so happy with my purchase from Mark!","2024-01-18 20:13:33"
"6","55","5","I love shopping with Donald!","2024-04-20 02:21:54"
"85","55","4","I'm so excited to buy more from Donald!","2024-06-29 18:53:17"
"83","54","4","I had a great experience with Karen!","2024-11-22 14:41:09"
"21","38","1","I'm so upset about my purchase from Timothy.","2024-09-26 09:20:35"
"50","84","4","I had a great experience with James!","2024-10-04 15:56:28"
"78","25","3","I'm not sure if I like my purchase from John.","2024-01-12 06:53:46"
"1","13","1","My experience with Todd was a huge disappointment.","2024-11-01 07:11:34"
"50","88","4","I'm so excited to buy more from Rebecca!","2024-06-17 05:07:59"
"30","75","5","I'm so excited to buy more from Jenna!","2024-06-21 20:34:25"
"48","38","3","I'm not sure if I like my purchase from Timothy.","2024-08-13 00:38:31"
"89","30","3","I'm not sure how I feel about my purchase from Chad.","2024-07-17 08:17:37"
"41","4","4","I'm so happy with my purchase from Jared!","2024-07-13 09:12:07"
"65","41","2","I'm so disappointed with my purchase from Nathan.","2024-05-29 00:57:10"
"33","5","1","I'm so sad about my purchase from Sharon.","2024-02-23 10:45:29"
"27","80","4","I'm so happy with my purchase from Jonathan!","2024-11-30 10:31:54"
"80","68","4","I'm so happy with my purchase from Heather!","2024-03-06 18:03:17"
"55","90","1","My experience with Kelly was a huge disappointment.","2024-09-08 21:35:58"
"57","41","1","I'm so upset about my purchase from Nathan.","2024-02-13 22:21:11"
"9","1","2","I'm so sad about my purchase from Madison.","2024-02-08 11:24:15"
"88","5","1","I'm so upset about my purchase from Sharon.","2024-08-27 06:38:36"
"94","1","3","I'm so-so about my purchase from Madison.","2024-05-04 20:26:22"
"36","22","5","I love shopping with Pamela!","2024-09-20 12:36:12"
"4","35","1","I'm so disappointed with my purchase from Jasmine.","2024-11-22 05:22:24"
"4","94","3","I'm so-so about my purchase from Kent.","2024-11-27 17:55:52"
"81","33","4","I had a great experience with Joshua!","2024-05-18 17:38:40"
"21","56","2","I wish I could return my purchase from Jennifer.","2024-09-27 08:05:10"
"63","38","5","I'm so excited to buy more from Timothy!","2024-08-14 13:46:36"
"62","93","5","I had a great experience with Michael!","2024-06-18 20:25:58"
"99","28","4","I'm so happy with my purchase from Francis!","2024-05-08 14:29:32"
"90","95","2","I'm so sad about my purchase from Jason.","2024-03-01 07:36:23"
"87","6","4","I love shopping with Amanda!","2024-11-09 07:46:25"
"65","4","3","I'm so-so about my purchase from Jared.","2024-09-05 03:01:10"
"39","1","5","I had a great experience with Madison!","2024-05-16 17:31:45"
"55","35","3","I'm so-so about my purchase from Jasmine.","2024-09-27 16:50:07"
"27","82","5","I'm so happy with my purchase from Linda!","2024-11-30 13:32:39"
"77","68","1","I'm so upset about my purchase from Heather.","2024-11-09 11:03:15"
"16","14","2","I wish I could return my purchase from Melissa.","2024-08-26 14:11:38"
"51","80","5","I had a great experience with Jonathan!","2024-01-01 09:41:03"
"54","28","2","I'm so sad about my purchase from Francis.","2024-06-07 16:48:25"
"47","16","4","I'm so excited to buy more from David!","2024-02-02 23:36:18"
"22","75","1","I'm so disappointed with my purchase from Jenna.","2024-09-23 00:27:49"
"15","59","1","I'm so upset about my purchase from Meagan.","2024-10-11 14:21:08"
"65","40","1","I'm so upset about my purchase from Stephanie.","2024-08-17 14:48:23"
"73","17","5","I'm so excited to buy more from Micheal!","2024-05-19 09:03:46"
"59","89","2","My experience with Charles was a huge disappointment.","2024-05-14 19:23:28"
"29","3","4","I'm so happy with my purchase from Lauren!","2024-02-28 09:45:24"
"46","5","5","I love shopping with Sharon!","2024-08-14 17:32:44"
"61","16","3","I'm not sure if I like my purchase from David.","2024-07-08 07:14:01"
"74","64","1","My experience with Kimberly was a huge disappointment.","2024-07-14 14:59:34"
"46","95","3","I'm not sure how I feel about my purchase from Jason.","2024-11-30 12:38:16"
"25","83","1","I'm so disappointed with my purchase from Krista.","2024-05-04 02:51:33"
"42","80","2","I'm so sad about my purchase from Jonathan.","2024-10-30 00:43:28"
"95","27","5","I'm so excited to buy more from William!","2024-04-06 10:08:48"
"85","94","2","I wish I could return my purchase from Kent.","2024-06-04 08:47:59"
"26","72","1","My experience with Laura was a huge disappointment.","2024-04-28 22:56:44"
"39","38","1","I'm so disappointed with my purchase from Timothy.","2024-05-21 15:23:21"
"55","41","5","I love shopping with Nathan!","2024-09-09 22:27:24"
"18","93","4","I'm so happy with my purchase from Michael!","2024-07-26 11:04:05"
"7","17","5","I love shopping with Micheal!","2024-01-17 03:13:27"
"1","35","1","I wish I could return my purchase from Jasmine.","2024-03-23 04:28:54"
"90","1","3","I'm not sure if I want to keep my purchase from Madison.","2024-10-29 08:20:10"
"33","90","1","I'm so upset about my purchase from Kelly.","2024-03-22 16:20:27"
"71","89","3","I'm not sure if I like my purchase from Charles.","2024-01-08 21:05:40"
"93","5","2","I'm so disappointed with my purchase from Sharon.","2024-06-21 23:34:30"
"56","55","4","I'm so excited to buy more from Donald!","2024-10-08 13:35:29"
"69","6","2","My experience with Amanda was a huge disappointment.","2024-05-31 11:22:34"
"23","95","3","I'm not sure if I like my purchase from Jason.","2024-10-24 03:42:43"
"4","13","3","I'm not sure how I feel about my purchase from Todd.","2024-04-20 08:07:55"
"45","75","5","I'm so happy with my purchase from Jenna!","2024-09-22 10:05:26"
"41","43","3","I'm not sure if I want to return my purchase from Allen.","2024-01-08 06:14:19"
"41","77","2","I'm so sad about my purchase from Dr..","2024-11-04 18:54:04"
"6","33","2","My experience with Joshua was a huge disappointment.","2024-08-18 15:01:23"
"30","49","1","I'm so disappointed with my purchase from Brian.","2024-05-25 14:28:41"
"14","68","4","I'm so excited to buy more from Heather!","2024-11-27 15:56:22"
"39","16","3","I'm not sure if I want to keep my purchase from David.","2024-02-21 17:55:11"
"23","48","2","I'm so disappointed with my purchase from Mark.","2024-08-10 08:55:23"
"66","94","5","I had a great experience with Kent!","2024-10-08 02:51:59"
"99","27","1","I wish I could return my purchase from William.","2024-10-12 03:24:55"
"67","5","3","I'm not sure if I want to keep my purchase from Sharon.","2024-01-30 16:36:47"
"36","53","1","I'm so disappointed with my purchase from Felicia.","2024-08-30 01:11:38"
"16","54","3","I'm not sure if I want to return my purchase from Karen.","2024-10-06 09:02:07"
"6","22","3","I'm not sure if I want to keep my purchase from Pamela.","2024-06-03 15:27:10"
"70","25","3","I'm not sure if I want to keep my purchase from John.","2024-01-26 18:39:58"
"21","5","2","My experience with Sharon was a huge disappointment.","2024-03-17 18:53:18"
"79","75","1","I'm so sad about my purchase from Jenna.","2024-03-04 20:27:31"
"59","38","2","I'm so upset about my purchase from Timothy.","2024-01-18 22:17:04"
"66","6","2","I'm so disappointed with my purchase from Amanda.","2024-08-28 09:46:11"
